Crop,Month,Year,Rainfall,WPI
Arhar,4,2012,47.5,97.1
Arhar,5,2012,31.7,99.7
Arhar,6,2012,117.8,101.6
Arhar,7,2012,250.2,108.6
Arhar,8,2012,262.4,115.6
Arhar,9,2012,193.5,118.6
Arhar,10,2012,58.7,116.3
Arhar,11,2012,30.7,114.4
Arhar,12,2012,11.7,110.2
Arhar,1,2013,11.3,109.1
Arhar,2,2013,40.1,110.6
Arhar,3,2013,15.7,116.3
Arhar,4,2013,30.4,118.1
Arhar,5,2013,57.8,118.2
Arhar,6,2013,219.8,117.7
Arhar,7,2013,310,116.5
Arhar,8,2013,254.7,116.7
Arhar,9,2013,152.7,117.2
Arhar,10,2013,129.4,118.4
Arhar,11,2013,14,119
Arhar,12,2013,6.7,118.4
Arhar,1,2014,19.2,118.1
Arhar,2,2014,27.4,118.4
Arhar,3,2014,36.1,119
Arhar,4,2014,22.2,120.6
Arhar,5,2014,72.9,121
Arhar,6,2014,95.4,120.1
Arhar,7,2014,261.2,122.2
Arhar,8,2014,237.5,126.8
Arhar,9,2014,188,126.5
Arhar,10,2014,60.2,126.3
Arhar,11,2014,14.4,127.7
Arhar,12,2014,10.7,128.2
Arhar,1,2015,17.4,134.3
Arhar,2,2015,21,139.1
Arhar,3,2015,62,144.8
Arhar,4,2015,69.4,148.4
Arhar,5,2015,53.8,157.3
Arhar,6,2015,192.8,173.7
Arhar,7,2015,242.4,174.8
Arhar,8,2015,205.2,185.5
Arhar,9,2015,131.8,196.9
Arhar,10,2015,42.9,219
Arhar,11,2015,39.4,217.1
Arhar,12,2015,15,222.8
Arhar,1,2016,19.3,215.8
Arhar,2,2016,22.8,205.5
Arhar,3,2016,27.6,201.2
Arhar,4,2016,37.4,217.5
Arhar,5,2016,62.6,216.8
Arhar,6,2016,168.3,217.2
Arhar,7,2016,289.1,215.1
Arhar,8,2016,256.3,195
Arhar,9,2016,171.9,184.6
Arhar,10,2016,76.1,182.4
Arhar,11,2016,29.7,178.9
Arhar,12,2016,14.9,166
Arhar,1,2017,19,140.7
Arhar,2,2017,22.6,133.1
Arhar,3,2017,27.8,126
Arhar,4,2017,37.9,127.2
Arhar,5,2017,62.4,121.6
Arhar,6,2017,168.1,118.3
Arhar,7,2017,289.3,114.1
Arhar,8,2017,256.2,115.4
Arhar,9,2017,171.5,118.4
Arhar,10,2017,76.3,113.8
Arhar,11,2017,29.9,111.6
Arhar,12,2017,15,112.6
Arhar,1,2018,19.2,114.9
Arhar,2,2018,20.1,116.5
Arhar,3,2018,27.1,116.6
Arhar,4,2018,40.2,115.3
Arhar,5,2018,62.7,115.9
Arhar,6,2018,165,113.2
Arhar,7,2018,286.3,111.2
Arhar,8,2018,254.3,110.8
Arhar,9,2018,171.9,110.8
Arhar,10,2018,77.2,109.4
Arhar,11,2018,28.1,114
Arhar,12,2018,14.1,123.9
Bajra,4,2012,47.5,107.7
Bajra,5,2012,31.7,109.3
Bajra,6,2012,117.8,107
Bajra,7,2012,250.2,113.9
Bajra,8,2012,262.4,120.7
Bajra,9,2012,193.5,121.7
Bajra,10,2012,58.7,114.8
Bajra,11,2012,30.7,120.4
Bajra,12,2012,11.7,127.7
Bajra,1,2013,11.3,131.6
Bajra,2,2013,40.1,132.7
Bajra,3,2013,15.7,132.5
Bajra,4,2013,30.4,136.4
Bajra,5,2013,57.8,137.6
Bajra,6,2013,219.8,136.9
Bajra,7,2013,310,135.3
Bajra,8,2013,254.7,131
Bajra,9,2013,152.7,130.9
Bajra,10,2013,129.4,129.7
Bajra,11,2013,14,129.5
Bajra,12,2013,6.7,131.1
Bajra,1,2014,19.2,132.3
Bajra,2,2014,27.4,131.5
Bajra,3,2014,36.1,133.6
Bajra,4,2014,22.2,134.4
Bajra,5,2014,72.9,134.6
Bajra,6,2014,95.4,132.5
Bajra,7,2014,261.2,134.4
Bajra,8,2014,237.5,133.2
Bajra,9,2014,188,133.9
Bajra,10,2014,60.2,129.3
Bajra,11,2014,14.4,125.6
Bajra,12,2014,10.7,123.9
Bajra,1,2015,17.4,125
Bajra,2,2015,21,123.2
Bajra,3,2015,62,124.8
Bajra,4,2015,69.4,127.3
Bajra,5,2015,53.8,126.7
Bajra,6,2015,192.8,125.2
Bajra,7,2015,242.4,124.3
Bajra,8,2015,205.2,127.4
Bajra,9,2015,131.8,132.2
Bajra,10,2015,42.9,132.7
Bajra,11,2015,39.4,135.3
Bajra,12,2015,15,139.2
Bajra,1,2016,19.3,142.9
Bajra,2,2016,22.8,144.2
Bajra,3,2016,27.6,147.7
Bajra,4,2016,37.4,155.8
Bajra,5,2016,62.6,162.6
Bajra,6,2016,168.3,158.7
Bajra,7,2016,289.1,159.6
Bajra,8,2016,256.3,159.3
Bajra,9,2016,171.9,155.1
Bajra,10,2016,76.1,148.1
Bajra,11,2016,29.7,151
Bajra,12,2016,14.9,154.7
Bajra,1,2017,19,151.9
Bajra,2,2017,22.6,151.3
Bajra,3,2017,27.8,152.6
Bajra,4,2017,37.9,153.8
Bajra,5,2017,62.4,153.2
Bajra,6,2017,168.1,149.7
Bajra,7,2017,289.3,145.4
Bajra,8,2017,256.2,143.8
Bajra,9,2017,171.5,139.4
Bajra,10,2017,76.3,132.9
Bajra,11,2017,29.9,130.2
Bajra,12,2017,15,133.9
Bajra,1,2018,19.2,131.7
Bajra,2,2018,20.1,127.9
Bajra,3,2018,27.1,126.8
Bajra,4,2018,40.2,127
Bajra,5,2018,62.7,128.1
Bajra,6,2018,165,129.5
Bajra,7,2018,286.3,132.9
Bajra,8,2018,254.3,138.2
Bajra,9,2018,171.9,141.7
Bajra,10,2018,77.2,148.6
Bajra,11,2018,28.1,161.7
Bajra,12,2018,14.1,165.1
Barley,4,2012,47.5,117.1
Barley,5,2012,31.7,118
Barley,6,2012,117.8,111.2
Barley,7,2012,250.2,113.2
Barley,8,2012,262.4,113.8
Barley,9,2012,193.5,111.8
Barley,10,2012,58.7,110.5
Barley,11,2012,30.7,113.9
Barley,12,2012,11.7,119
Barley,1,2013,11.3,119.4
Barley,2,2013,40.1,120.2
Barley,3,2013,15.7,119.5
Barley,4,2013,30.4,116.5
Barley,5,2013,57.8,114.7
Barley,6,2013,219.8,115.8
Barley,7,2013,310,115.8
Barley,8,2013,254.7,116.3
Barley,9,2013,152.7,118
Barley,10,2013,129.4,118.6
Barley,11,2013,14,120.1
Barley,12,2013,6.7,123.3
Barley,1,2014,19.2,123.9
Barley,2,2014,27.4,123.5
Barley,3,2014,36.1,124.1
Barley,4,2014,22.2,119.2
Barley,5,2014,72.9,120.7
Barley,6,2014,95.4,118.2
Barley,7,2014,261.2,120.1
Barley,8,2014,237.5,124.2
Barley,9,2014,188,127.1
Barley,10,2014,60.2,129.8
Barley,11,2014,14.4,128.4
Barley,12,2014,10.7,131
Barley,1,2015,17.4,135.4
Barley,2,2015,21,134.7
Barley,3,2015,62,132.6
Barley,4,2015,69.4,120.1
Barley,5,2015,53.8,122.7
Barley,6,2015,192.8,120.7
Barley,7,2015,242.4,121.9
Barley,8,2015,205.2,122.6
Barley,9,2015,131.8,124.3
Barley,10,2015,42.9,128.5
Barley,11,2015,39.4,133.1
Barley,12,2015,15,136.1
Barley,1,2016,19.3,138.5
Barley,2,2016,22.8,141.6
Barley,3,2016,27.6,139.4
Barley,4,2016,37.4,143.4
Barley,5,2016,62.6,148.7
Barley,6,2016,168.3,151.8
Barley,7,2016,289.1,154.2
Barley,8,2016,256.3,155.5
Barley,9,2016,171.9,154
Barley,10,2016,76.1,153.6
Barley,11,2016,29.7,159.5
Barley,12,2016,14.9,161.2
Barley,1,2017,19,161.6
Barley,2,2017,22.6,161.9
Barley,3,2017,27.8,156.9
Barley,4,2017,37.9,144.5
Barley,5,2017,62.4,137.7
Barley,6,2017,168.1,138.1
Barley,7,2017,289.3,139.3
Barley,8,2017,256.2,139.1
Barley,9,2017,171.5,140.3
Barley,10,2017,76.3,141.2
Barley,11,2017,29.9,140.4
Barley,12,2017,15,142.9
Barley,1,2018,19.2,141.6
Barley,2,2018,20.1,141
Barley,3,2018,27.1,140.8
Barley,4,2018,40.2,138.9
Barley,5,2018,62.7,139.8
Barley,6,2018,165,141.7
Barley,7,2018,286.3,141
Barley,8,2018,254.3,145
Barley,9,2018,171.9,146.7
Barley,10,2018,77.2,150.2
Barley,11,2018,28.1,153.5
Barley,12,2018,14.1,154.8
Copra,4,2012,47.5,84.3
Copra,5,2012,31.7,79.5
Copra,6,2012,117.8,80.2
Copra,7,2012,250.2,78.8
Copra,8,2012,262.4,78.1
Copra,9,2012,193.5,79.3
Copra,10,2012,58.7,78.3
Copra,11,2012,30.7,79.3
Copra,12,2012,11.7,82.1
Copra,1,2013,11.3,85.5
Copra,2,2013,40.1,82.5
Copra,3,2013,15.7,81.5
Copra,4,2013,30.4,81
Copra,5,2013,57.8,79.7
Copra,6,2013,219.8,83.5
Copra,7,2013,310,85.3
Copra,8,2013,254.7,91.7
Copra,9,2013,152.7,94.8
Copra,10,2013,129.4,109.6
Copra,11,2013,14,112.4
Copra,12,2013,6.7,112.8
Copra,1,2014,19.2,116.8
Copra,2,2014,27.4,121.6
Copra,3,2014,36.1,127.6
Copra,4,2014,22.2,141.8
Copra,5,2014,72.9,150
Copra,6,2014,95.4,147.9
Copra,7,2014,261.2,152
Copra,8,2014,237.5,172.1
Copra,9,2014,188,170
Copra,10,2014,60.2,160.9
Copra,11,2014,14.4,153.2
Copra,12,2014,10.7,148.5
Copra,1,2015,17.4,162.7
Copra,2,2015,21,161.9
Copra,3,2015,62,162
Copra,4,2015,69.4,161.9
Copra,5,2015,53.8,154.4
Copra,6,2015,192.8,145.5
Copra,7,2015,242.4,134.4
Copra,8,2015,205.2,143.8
Copra,9,2015,131.8,139.6
Copra,10,2015,42.9,135.1
Copra,11,2015,39.4,130.2
Copra,12,2015,15,118.7
Copra,1,2016,19.3,112.3
Copra,2,2016,22.8,109.7
Copra,3,2016,27.6,103.9
Copra,4,2016,37.4,103.9
Copra,5,2016,62.6,102.3
Copra,6,2016,168.3,100.6
Copra,7,2016,289.1,99.5
Copra,8,2016,256.3,105.2
Copra,9,2016,171.9,107.6
Copra,10,2016,76.1,109.1
Copra,11,2016,29.7,110
Copra,12,2016,14.9,114.6
Copra,1,2017,19,121.6
Copra,2,2017,22.6,130.3
Copra,3,2017,27.8,128.3
Copra,4,2017,37.9,134.6
Copra,5,2017,62.4,132.1
Copra,6,2017,168.1,145.8
Copra,7,2017,289.3,152
Copra,8,2017,256.2,168.5
Copra,9,2017,171.5,188.6
Copra,10,2017,76.3,189.8
Copra,11,2017,29.9,195.4
Copra,12,2017,15,210.1
Copra,1,2018,19.2,215.5
Copra,2,2018,20.1,214.4
Copra,3,2018,27.1,209.4
Copra,4,2018,40.2,215.3
Copra,5,2018,62.7,226.1
Copra,6,2018,165,222.2
Copra,7,2018,286.3,218.1
Copra,8,2018,254.3,218.7
Copra,9,2018,171.9,212.2
Copra,10,2018,77.2,199
Copra,11,2018,28.1,191.2
Copra,12,2018,14.1,198.3
Cotton,4,2012,47.5,101.2
Cotton,5,2012,31.7,101.5
Cotton,6,2012,117.8,102.5
Cotton,7,2012,250.2,110.7
Cotton,8,2012,262.4,115
Cotton,9,2012,193.5,112.5
Cotton,10,2012,58.7,114
Cotton,11,2012,30.7,111.9
Cotton,12,2012,11.7,110.8
Cotton,1,2013,11.3,106.5
Cotton,2,2013,40.1,106.1
Cotton,3,2013,15.7,112
Cotton,4,2013,30.4,112
Cotton,5,2013,57.8,114.4
Cotton,6,2013,219.8,115.9
Cotton,7,2013,310,119.1
Cotton,8,2013,254.7,123.6
Cotton,9,2013,152.7,120.4
Cotton,10,2013,129.4,118.7
Cotton,11,2013,14,115.7
Cotton,12,2013,6.7,112.9
Cotton,1,2014,19.2,115.7
Cotton,2,2014,27.4,114.2
Cotton,3,2014,36.1,111.7
Cotton,4,2014,22.2,114.9
Cotton,5,2014,72.9,115.5
Cotton,6,2014,95.4,120.9
Cotton,7,2014,261.2,122.8
Cotton,8,2014,237.5,132.6
Cotton,9,2014,188,125.2
Cotton,10,2014,60.2,120.7
Cotton,11,2014,14.4,114.5
Cotton,12,2014,10.7,111.2
Cotton,1,2015,17.4,107.7
Cotton,2,2015,21,108.5
Cotton,3,2015,62,113.8
Cotton,4,2015,69.4,119.4
Cotton,5,2015,53.8,122.6
Cotton,6,2015,192.8,125
Cotton,7,2015,242.4,129.8
Cotton,8,2015,205.2,131.1
Cotton,9,2015,131.8,141.4
Cotton,10,2015,42.9,146.2
Cotton,11,2015,39.4,136.8
Cotton,12,2015,15,140.7
Cotton,1,2016,19.3,145.3
Cotton,2,2016,22.8,148.2
Cotton,3,2016,27.6,150.3
Cotton,4,2016,37.4,157.2
Cotton,5,2016,62.6,156.8
Cotton,6,2016,168.3,164
Cotton,7,2016,289.1,167.8
Cotton,8,2016,256.3,166.6
Cotton,9,2016,171.9,164.4
Cotton,10,2016,76.1,161.8
Cotton,11,2016,29.7,154
Cotton,12,2016,14.9,156.3
Cotton,1,2017,19,159
Cotton,2,2017,22.6,157.9
Cotton,3,2017,27.8,156.5
Cotton,4,2017,37.9,154.5
Cotton,5,2017,62.4,148.1
Cotton,6,2017,168.1,145.4
Cotton,7,2017,289.3,143.5
Cotton,8,2017,256.2,142.6
Cotton,9,2017,171.5,142.9
Cotton,10,2017,76.3,138.9
Cotton,11,2017,29.9,141.4
Cotton,12,2017,15,144.8
Cotton,1,2018,19.2,143.4
Cotton,2,2018,20.1,141.9
Cotton,3,2018,27.1,137.7
Cotton,4,2018,40.2,134.4
Cotton,5,2018,62.7,133.9
Cotton,6,2018,165,136.6
Cotton,7,2018,286.3,138.5
Cotton,8,2018,254.3,140.3
Cotton,9,2018,171.9,141.1
Cotton,10,2018,77.2,141.8
Cotton,11,2018,28.1,139.5
Cotton,12,2018,14.1,140.2
Gram,4,2012,47.5,116.1
Gram,5,2012,31.7,127.5
Gram,6,2012,117.8,130.7
Gram,7,2012,250.2,143.7
Gram,8,2012,262.4,149.9
Gram,9,2012,193.5,148.9
Gram,10,2012,58.7,145.5
Gram,11,2012,30.7,146
Gram,12,2012,11.7,139.4
Gram,1,2013,11.3,134
Gram,2,2013,40.1,124.1
Gram,3,2013,15.7,117.5
Gram,4,2013,30.4,118.8
Gram,5,2013,57.8,117
Gram,6,2013,219.8,113.6
Gram,7,2013,310,110
Gram,8,2013,254.7,107.9
Gram,9,2013,152.7,109.3
Gram,10,2013,129.4,111
Gram,11,2013,14,108.8
Gram,12,2013,6.7,107.3
Gram,1,2014,19.2,103.6
Gram,2,2014,27.4,101.7
Gram,3,2014,36.1,103.5
Gram,4,2014,22.2,102.8
Gram,5,2014,72.9,103.1
Gram,6,2014,95.4,99.6
Gram,7,2014,261.2,97.8
Gram,8,2014,237.5,100.4
Gram,9,2014,188,100.2
Gram,10,2014,60.2,100.8
Gram,11,2014,14.4,100.5
Gram,12,2014,10.7,102.6
Gram,1,2015,17.4,107.5
Gram,2,2015,21,109.4
Gram,3,2015,62,110.9
Gram,4,2015,69.4,115.3
Gram,5,2015,53.8,126.4
Gram,6,2015,192.8,135
Gram,7,2015,242.4,137.9
Gram,8,2015,205.2,142.3
Gram,9,2015,131.8,146.3
Gram,10,2015,42.9,153
Gram,11,2015,39.4,154.8
Gram,12,2015,15,153.8
Gram,1,2016,19.3,149.5
Gram,2,2016,22.8,145.8
Gram,3,2016,27.6,143.8
Gram,4,2016,37.4,159.1
Gram,5,2016,62.6,172.8
Gram,6,2016,168.3,188.5
Gram,7,2016,289.1,227.1
Gram,8,2016,256.3,225.7
Gram,9,2016,171.9,227.4
Gram,10,2016,76.1,262.3
Gram,11,2016,29.7,278.9
Gram,12,2016,14.9,270.3
Gram,1,2017,19,235.9
Gram,2,2017,22.6,200.4
Gram,3,2017,27.8,181.9
Gram,4,2017,37.9,183.4
Gram,5,2017,62.4,179.3
Gram,6,2017,168.1,174
Gram,7,2017,289.3,176
Gram,8,2017,256.2,176.7
Gram,9,2017,171.5,186.9
Gram,10,2017,76.3,177.9
Gram,11,2017,29.9,165
Gram,12,2017,15,152.9
Gram,1,2018,19.2,140.8
Gram,2,2018,20.1,134.7
Gram,3,2018,27.1,130.3
Gram,4,2018,40.2,127
Gram,5,2018,62.7,124.3
Gram,6,2018,165,121.6
Gram,7,2018,286.3,128.3
Gram,8,2018,254.3,135.7
Gram,9,2018,171.9,132.5
Gram,10,2018,77.2,135.7
Gram,11,2018,28.1,140.8
Gram,12,2018,14.1,146.7
Groundnut,4,2012,47.5,112.5
Groundnut,5,2012,31.7,114
Groundnut,6,2012,117.8,113.9
Groundnut,7,2012,250.2,116.7
Groundnut,8,2012,262.4,122.9
Groundnut,9,2012,193.5,122
Groundnut,10,2012,58.7,121.5
Groundnut,11,2012,30.7,121.9
Groundnut,12,2012,11.7,125.8
Groundnut,1,2013,11.3,128.7
Groundnut,2,2013,40.1,125.3
Groundnut,3,2013,15.7,121.1
Groundnut,4,2013,30.4,124.7
Groundnut,5,2013,57.8,122.2
Groundnut,6,2013,219.8,115.8
Groundnut,7,2013,310,110.3
Groundnut,8,2013,254.7,106.2
Groundnut,9,2013,152.7,107.1
Groundnut,10,2013,129.4,107.6
Groundnut,11,2013,14,104.7
Groundnut,12,2013,6.7,100.4
Groundnut,1,2014,19.2,100.7
Groundnut,2,2014,27.4,99.4
Groundnut,3,2014,36.1,99.3
Groundnut,4,2014,22.2,100.4
Groundnut,5,2014,72.9,103.9
Groundnut,6,2014,95.4,102.5
Groundnut,7,2014,261.2,103.5
Groundnut,8,2014,237.5,106.3
Groundnut,9,2014,188,109.8
Groundnut,10,2014,60.2,109
Groundnut,11,2014,14.4,106.5
Groundnut,12,2014,10.7,105
Groundnut,1,2015,17.4,110
Groundnut,2,2015,21,111.1
Groundnut,3,2015,62,115
Groundnut,4,2015,69.4,119.7
Groundnut,5,2015,53.8,127.3
Groundnut,6,2015,192.8,135.7
Groundnut,7,2015,242.4,133.1
Groundnut,8,2015,205.2,134.8
Groundnut,9,2015,131.8,136.1
Groundnut,10,2015,42.9,122.3
Groundnut,11,2015,39.4,122.4
Groundnut,12,2015,15,126
Groundnut,1,2016,19.3,123.3
Groundnut,2,2016,22.8,124.6
Groundnut,3,2016,27.6,128.9
Groundnut,4,2016,37.4,139.1
Groundnut,5,2016,62.6,143.4
Groundnut,6,2016,168.3,146.1
Groundnut,7,2016,289.1,150
Groundnut,8,2016,256.3,145.5
Groundnut,9,2016,171.9,140.3
Groundnut,10,2016,76.1,132.3
Groundnut,11,2016,29.7,126.4
Groundnut,12,2016,14.9,131.5
Groundnut,1,2017,19,134.1
Groundnut,2,2017,22.6,132.4
Groundnut,3,2017,27.8,137.7
Groundnut,4,2017,37.9,139.8
Groundnut,5,2017,62.4,136.2
Groundnut,6,2017,168.1,133.2
Groundnut,7,2017,289.3,127.6
Groundnut,8,2017,256.2,124.3
Groundnut,9,2017,171.5,118
Groundnut,10,2017,76.3,116.9
Groundnut,11,2017,29.9,117
Groundnut,12,2017,15,113.9
Groundnut,1,2018,19.2,113.4
Groundnut,2,2018,20.1,114.9
Groundnut,3,2018,27.1,114.3
Groundnut,4,2018,40.2,109.6
Groundnut,5,2018,62.7,107.5
Groundnut,6,2018,165,109.7
Groundnut,7,2018,286.3,112.4
Groundnut,8,2018,254.3,119.9
Groundnut,9,2018,171.9,118.2
Groundnut,10,2018,77.2,118.8
Groundnut,11,2018,28.1,125.3
Groundnut,12,2018,14.1,122.6
Jowar,4,2012,47.5,98.3
Jowar,5,2012,31.7,98.2
Jowar,6,2012,117.8,97
Jowar,7,2012,250.2,93.7
Jowar,8,2012,262.4,96.2
Jowar,9,2012,193.5,97.2
Jowar,10,2012,58.7,95.5
Jowar,11,2012,30.7,95.6
Jowar,12,2012,11.7,95
Jowar,1,2013,11.3,95.2
Jowar,2,2013,40.1,97.9
Jowar,3,2013,15.7,101.9
Jowar,4,2013,30.4,101.7
Jowar,5,2013,57.8,99.5
Jowar,6,2013,219.8,97.7
Jowar,7,2013,310,99.5
Jowar,8,2013,254.7,94.5
Jowar,9,2013,152.7,98
Jowar,10,2013,129.4,98.4
Jowar,11,2013,14,99.5
Jowar,12,2013,6.7,100.8
Jowar,1,2014,19.2,100.8
Jowar,2,2014,27.4,103
Jowar,3,2014,36.1,111.3
Jowar,4,2014,22.2,115.7
Jowar,5,2014,72.9,112.8
Jowar,6,2014,95.4,113.9
Jowar,7,2014,261.2,120.7
Jowar,8,2014,237.5,116.1
Jowar,9,2014,188,115
Jowar,10,2014,60.2,117
Jowar,11,2014,14.4,115.3
Jowar,12,2014,10.7,110.3
Jowar,1,2015,17.4,119.2
Jowar,2,2015,21,119.6
Jowar,3,2015,62,114.4
Jowar,4,2015,69.4,111.3
Jowar,5,2015,53.8,117.4
Jowar,6,2015,192.8,115.7
Jowar,7,2015,242.4,110.7
Jowar,8,2015,205.2,108.4
Jowar,9,2015,131.8,108.4
Jowar,10,2015,42.9,114.4
Jowar,11,2015,39.4,113.4
Jowar,12,2015,15,119.2
Jowar,1,2016,19.3,115.4
Jowar,2,2016,22.8,116.1
Jowar,3,2016,27.6,115.8
Jowar,4,2016,37.4,115.5
Jowar,5,2016,62.6,118.7
Jowar,6,2016,168.3,120.9
Jowar,7,2016,289.1,120.1
Jowar,8,2016,256.3,121.4
Jowar,9,2016,171.9,124
Jowar,10,2016,76.1,121.9
Jowar,11,2016,29.7,123.2
Jowar,12,2016,14.9,127.8
Jowar,1,2017,19,132.3
Jowar,2,2017,22.6,136
Jowar,3,2017,27.8,132.1
Jowar,4,2017,37.9,131.6
Jowar,5,2017,62.4,130.5
Jowar,6,2017,168.1,126.9
Jowar,7,2017,289.3,126.3
Jowar,8,2017,256.2,124.5
Jowar,9,2017,171.5,126.1
Jowar,10,2017,76.3,123.3
Jowar,11,2017,29.9,118.5
Jowar,12,2017,15,121.3
Jowar,1,2018,19.2,118.3
Jowar,2,2018,20.1,115.9
Jowar,3,2018,27.1,118.1
Jowar,4,2018,40.2,118
Jowar,5,2018,62.7,117
Jowar,6,2018,165,119.3
Jowar,7,2018,286.3,119.6
Jowar,8,2018,254.3,121.9
Jowar,9,2018,171.9,121.4
Jowar,10,2018,77.2,125.8
Jowar,11,2018,28.1,137.7
Jowar,12,2018,14.1,142.3
Jute,4,2012,47.5,101.6
Jute,5,2012,31.7,99.3
Jute,6,2012,117.8,104
Jute,7,2012,250.2,111.6
Jute,8,2012,262.4,114.2
Jute,9,2012,193.5,116.1
Jute,10,2012,58.7,110.8
Jute,11,2012,30.7,108.1
Jute,12,2012,11.7,106.5
Jute,1,2013,11.3,111.5
Jute,2,2013,40.1,116.3
Jute,3,2013,15.7,123.8
Jute,4,2013,30.4,124
Jute,5,2013,57.8,122.7
Jute,6,2013,219.8,119.3
Jute,7,2013,310,117.7
Jute,8,2013,254.7,113.5
Jute,9,2013,152.7,113.7
Jute,10,2013,129.4,119.9
Jute,11,2013,14,117.8
Jute,12,2013,6.7,124.9
Jute,1,2014,19.2,126.3
Jute,2,2014,27.4,126.2
Jute,3,2014,36.1,124.8
Jute,4,2014,22.2,127.6
Jute,5,2014,72.9,133
Jute,6,2014,95.4,134.1
Jute,7,2014,261.2,128.6
Jute,8,2014,237.5,123.7
Jute,9,2014,188,124.3
Jute,10,2014,60.2,128
Jute,11,2014,14.4,133.8
Jute,12,2014,10.7,137.1
Jute,1,2015,17.4,136.8
Jute,2,2015,21,140.8
Jute,3,2015,62,141.6
Jute,4,2015,69.4,141.1
Jute,5,2015,53.8,142
Jute,6,2015,192.8,159.7
Jute,7,2015,242.4,161.9
Jute,8,2015,205.2,160.1
Jute,9,2015,131.8,167.2
Jute,10,2015,42.9,181
Jute,11,2015,39.4,195.9
Jute,12,2015,15,204.5
Jute,1,2016,19.3,217.3
Jute,2,2016,22.8,221.7
Jute,3,2016,27.6,225.8
Jute,4,2016,37.4,229.4
Jute,5,2016,62.6,231.5
Jute,6,2016,168.3,251
Jute,7,2016,289.1,242.9
Jute,8,2016,256.3,196.8
Jute,9,2016,171.9,194
Jute,10,2016,76.1,194.2
Jute,11,2016,29.7,196.7
Jute,12,2016,14.9,190.2
Jute,1,2017,19,190.2
Jute,2,2017,22.6,190.6
Jute,3,2017,27.8,188.3
Jute,4,2017,37.9,168.9
Jute,5,2017,62.4,163.5
Jute,6,2017,168.1,163.3
Jute,7,2017,289.3,158.1
Jute,8,2017,256.2,154.6
Jute,9,2017,171.5,159.9
Jute,10,2017,76.3,158
Jute,11,2017,29.9,152.4
Jute,12,2017,15,154.4
Jute,1,2018,19.2,159.5
Jute,2,2018,20.1,166.8
Jute,3,2018,27.1,165.8
Jute,4,2018,40.2,166.1
Jute,5,2018,62.7,166.3
Jute,6,2018,165,166.9
Jute,7,2018,286.3,170.2
Jute,8,2018,254.3,172.7
Jute,9,2018,171.9,181.7
Jute,10,2018,77.2,182.8
Jute,11,2018,28.1,184.8
Jute,12,2018,14.1,189.3
Maize,4,2012,47.5,107.9
Maize,5,2012,31.7,105.5
Maize,6,2012,117.8,107.2
Maize,7,2012,250.2,111.3
Maize,8,2012,262.4,117.8
Maize,9,2012,193.5,117.3
Maize,10,2012,58.7,117.8
Maize,11,2012,30.7,117.9
Maize,12,2012,11.7,121.2
Maize,1,2013,11.3,123.4
Maize,2,2013,40.1,122.9
Maize,3,2013,15.7,121.8
Maize,4,2013,30.4,121.4
Maize,5,2013,57.8,120.6
Maize,6,2013,219.8,126.1
Maize,7,2013,310,127.6
Maize,8,2013,254.7,126.5
Maize,9,2013,152.7,128.9
Maize,10,2013,129.4,121.2
Maize,11,2013,14,122.1
Maize,12,2013,6.7,123
Maize,1,2014,19.2,120.1
Maize,2,2014,27.4,118.9
Maize,3,2014,36.1,121
Maize,4,2014,22.2,119.2
Maize,5,2014,72.9,118.3
Maize,6,2014,95.4,119.8
Maize,7,2014,261.2,124.6
Maize,8,2014,237.5,121.7
Maize,9,2014,188,117.4
Maize,10,2014,60.2,114.2
Maize,11,2014,14.4,113
Maize,12,2014,10.7,113.7
Maize,1,2015,17.4,118.6
Maize,2,2015,21,119.3
Maize,3,2015,62,122.4
Maize,4,2015,69.4,121.4
Maize,5,2015,53.8,118.9
Maize,6,2015,192.8,118.3
Maize,7,2015,242.4,119.9
Maize,8,2015,205.2,120.4
Maize,9,2015,131.8,121.9
Maize,10,2015,42.9,123.5
Maize,11,2015,39.4,126.6
Maize,12,2015,15,129.2
Maize,1,2016,19.3,133.8
Maize,2,2016,22.8,135.9
Maize,3,2016,27.6,135.8
Maize,4,2016,37.4,135.2
Maize,5,2016,62.6,135.2
Maize,6,2016,168.3,136.6
Maize,7,2016,289.1,142.2
Maize,8,2016,256.3,139.3
Maize,9,2016,171.9,139.8
Maize,10,2016,76.1,138.6
Maize,11,2016,29.7,137.7
Maize,12,2016,14.9,134
Maize,1,2017,19,134.6
Maize,2,2017,22.6,135.6
Maize,3,2017,27.8,135.2
Maize,4,2017,37.9,135.5
Maize,5,2017,62.4,134.2
Maize,6,2017,168.1,132.6
Maize,7,2017,289.3,129.2
Maize,8,2017,256.2,127.7
Maize,9,2017,171.5,125.1
Maize,10,2017,76.3,123.7
Maize,11,2017,29.9,119.1
Maize,12,2017,15,117.9
Maize,1,2018,19.2,116.4
Maize,2,2018,20.1,117.3
Maize,3,2018,27.1,117.3
Maize,4,2018,40.2,118
Maize,5,2018,62.7,117.6
Maize,6,2018,165,121.5
Maize,7,2018,286.3,121.6
Maize,8,2018,254.3,123.2
Maize,9,2018,171.9,125.7
Maize,10,2018,77.2,129.3
Maize,11,2018,28.1,131.9
Maize,12,2018,14.1,139.2
Masoor,4,2012,47.5,102.5
Masoor,5,2012,31.7,107.4
Masoor,6,2012,117.8,109.7
Masoor,7,2012,250.2,115.2
Masoor,8,2012,262.4,119.2
Masoor,9,2012,193.5,119
Masoor,10,2012,58.7,118.6
Masoor,11,2012,30.7,118.1
Masoor,12,2012,11.7,117.4
Masoor,1,2013,11.3,119.8
Masoor,2,2013,40.1,120.1
Masoor,3,2013,15.7,119.5
Masoor,4,2013,30.4,126.1
Masoor,5,2013,57.8,127.1
Masoor,6,2013,219.8,130.6
Masoor,7,2013,310,131.5
Masoor,8,2013,254.7,132.2
Masoor,9,2013,152.7,132.7
Masoor,10,2013,129.4,130.9
Masoor,11,2013,14,134.1
Masoor,12,2013,6.7,135.6
Masoor,1,2014,19.2,136.4
Masoor,2,2014,27.4,136.6
Masoor,3,2014,36.1,140.8
Masoor,4,2014,22.2,143.3
Masoor,5,2014,72.9,145.5
Masoor,6,2014,95.4,146.2
Masoor,7,2014,261.2,147.9
Masoor,8,2014,237.5,150.2
Masoor,9,2014,188,152.6
Masoor,10,2014,60.2,152.1
Masoor,11,2014,14.4,153.9
Masoor,12,2014,10.7,157.5
Masoor,1,2015,17.4,166.8
Masoor,2,2015,21,166.2
Masoor,3,2015,62,164.9
Masoor,4,2015,69.4,165.1
Masoor,5,2015,53.8,177
Masoor,6,2015,192.8,186.3
Masoor,7,2015,242.4,188.4
Masoor,8,2015,205.2,195.6
Masoor,9,2015,131.8,195.1
Masoor,10,2015,42.9,197
Masoor,11,2015,39.4,198.8
Masoor,12,2015,15,195.5
Masoor,1,2016,19.3,190.5
Masoor,2,2016,22.8,184
Masoor,3,2016,27.6,182.3
Masoor,4,2016,37.4,186.8
Masoor,5,2016,62.6,190.2
Masoor,6,2016,168.3,191
Masoor,7,2016,289.1,190.7
Masoor,8,2016,256.3,185.6
Masoor,9,2016,171.9,182
Masoor,10,2016,76.1,179.2
Masoor,11,2016,29.7,176.8
Masoor,12,2016,14.9,169.6
Masoor,1,2017,19,161.1
Masoor,2,2017,22.6,156.2
Masoor,3,2017,27.8,154
Masoor,4,2017,37.9,155.3
Masoor,5,2017,62.4,148.5
Masoor,6,2017,168.1,144.5
Masoor,7,2017,289.3,137.5
Masoor,8,2017,256.2,136
Masoor,9,2017,171.5,138.3
Masoor,10,2017,76.3,133.8
Masoor,11,2017,29.9,130.9
Masoor,12,2017,15,130.3
Masoor,1,2018,19.2,126.7
Masoor,2,2018,20.1,122.1
Masoor,3,2018,27.1,120.6
Masoor,4,2018,40.2,120.8
Masoor,5,2018,62.7,120.7
Masoor,6,2018,165,117.8
Masoor,7,2018,286.3,117.9
Masoor,8,2018,254.3,121
Masoor,9,2018,171.9,121.8
Masoor,10,2018,77.2,121.7
Masoor,11,2018,28.1,121.2
Masoor,12,2018,14.1,124.6
Moong,4,2012,47.5,96.3
Moong,5,2012,31.7,96
Moong,6,2012,117.8,96.6
Moong,7,2012,250.2,103.6
Moong,8,2012,262.4,108.7
Moong,9,2012,193.5,108.4
Moong,10,2012,58.7,112.2
Moong,11,2012,30.7,113.5
Moong,12,2012,11.7,115.4
Moong,1,2013,11.3,116.9
Moong,2,2013,40.1,117.1
Moong,3,2013,15.7,118.3
Moong,4,2013,30.4,120
Moong,5,2013,57.8,118.9
Moong,6,2013,219.8,119
Moong,7,2013,310,118
Moong,8,2013,254.7,113.9
Moong,9,2013,152.7,117.5
Moong,10,2013,129.4,122.9
Moong,11,2013,14,126.4
Moong,12,2013,6.7,126.7
Moong,1,2014,19.2,126.5
Moong,2,2014,27.4,129.3
Moong,3,2014,36.1,132.6
Moong,4,2014,22.2,135.5
Moong,5,2014,72.9,137.8
Moong,6,2014,95.4,136.8
Moong,7,2014,261.2,142.5
Moong,8,2014,237.5,142.2
Moong,9,2014,188,141.2
Moong,10,2014,60.2,144.6
Moong,11,2014,14.4,148.5
Moong,12,2014,10.7,153.9
Moong,1,2015,17.4,159.1
Moong,2,2015,21,155.7
Moong,3,2015,62,150.7
Moong,4,2015,69.4,151.4
Moong,5,2015,53.8,155.7
Moong,6,2015,192.8,170.2
Moong,7,2015,242.4,165.3
Moong,8,2015,205.2,164.8
Moong,9,2015,131.8,167.5
Moong,10,2015,42.9,173.5
Moong,11,2015,39.4,178.1
Moong,12,2015,15,168.8
Moong,1,2016,19.3,167.1
Moong,2,2016,22.8,161
Moong,3,2016,27.6,158.7
Moong,4,2016,37.4,162.2
Moong,5,2016,62.6,161.9
Moong,6,2016,168.3,155.4
Moong,7,2016,289.1,150.4
Moong,8,2016,256.3,143.5
Moong,9,2016,171.9,134.7
Moong,10,2016,76.1,131.6
Moong,11,2016,29.7,127.4
Moong,12,2016,14.9,122.7
Moong,1,2017,19,119.7
Moong,2,2017,22.6,116.9
Moong,3,2017,27.8,115.4
Moong,4,2017,37.9,120.8
Moong,5,2017,62.4,120.1
Moong,6,2017,168.1,116.8
Moong,7,2017,289.3,113
Moong,8,2017,256.2,112.6
Moong,9,2017,171.5,112.9
Moong,10,2017,76.3,111.5
Moong,11,2017,29.9,109.8
Moong,12,2017,15,110.7
Moong,1,2018,19.2,112.2
Moong,2,2018,20.1,113
Moong,3,2018,27.1,114.1
Moong,4,2018,40.2,111.5
Moong,5,2018,62.7,113
Moong,6,2018,165,112.4
Moong,7,2018,286.3,115
Moong,8,2018,254.3,118.9
Moong,9,2018,171.9,119.8
Moong,10,2018,77.2,118.1
Moong,11,2018,28.1,121.6
Moong,12,2018,14.1,123
Niger,4,2012,47.5,116.4
Niger,5,2012,31.7,120.2
Niger,6,2012,117.8,124.4
Niger,7,2012,250.2,114
Niger,8,2012,262.4,125.2
Niger,9,2012,193.5,124.7
Niger,10,2012,58.7,119
Niger,11,2012,30.7,114.7
Niger,12,2012,11.7,112.5
Niger,1,2013,11.3,116.1
Niger,2,2013,40.1,116.1
Niger,3,2013,15.7,117.9
Niger,4,2013,30.4,117.9
Niger,5,2013,57.8,119.6
Niger,6,2013,219.8,117.4
Niger,7,2013,310,117.1
Niger,8,2013,254.7,116.5
Niger,9,2013,152.7,114.6
Niger,10,2013,129.4,115.5
Niger,11,2013,14,116.1
Niger,12,2013,6.7,116.6
Niger,1,2014,19.2,114.6
Niger,2,2014,27.4,112.6
Niger,3,2014,36.1,112.6
Niger,4,2014,22.2,114.3
Niger,5,2014,72.9,116.1
Niger,6,2014,95.4,119.2
Niger,7,2014,261.2,120.9
Niger,8,2014,237.5,123.8
Niger,9,2014,188,128.3
Niger,10,2014,60.2,128.3
Niger,11,2014,14.4,122.7
Niger,12,2014,10.7,125.7
Niger,1,2015,17.4,138.8
Niger,2,2015,21,143.3
Niger,3,2015,62,146.7
Niger,4,2015,69.4,165.2
Niger,5,2015,53.8,154.5
Niger,6,2015,192.8,192.6
Niger,7,2015,242.4,220.3
Niger,8,2015,205.2,227.6
Niger,9,2015,131.8,234
Niger,10,2015,42.9,244.2
Niger,11,2015,39.4,260.4
Niger,12,2015,15,251.3
Niger,1,2016,19.3,238.3
Niger,2,2016,22.8,243.5
Niger,3,2016,27.6,241.2
Niger,4,2016,37.4,221.2
Niger,5,2016,62.6,215.9
Niger,6,2016,168.3,210.6
Niger,7,2016,289.1,212.8
Niger,8,2016,256.3,208
Niger,9,2016,171.9,207.6
Niger,10,2016,76.1,207.6
Niger,11,2016,29.7,207.6
Niger,12,2016,14.9,199.7
Niger,1,2017,19,198
Niger,2,2017,22.6,200.4
Niger,3,2017,27.8,202.3
Niger,4,2017,37.9,201.6
Niger,5,2017,62.4,204.7
Niger,6,2017,168.1,206.7
Niger,7,2017,289.3,207.2
Niger,8,2017,256.2,205.4
Niger,9,2017,171.5,204.8
Niger,10,2017,76.3,205.9
Niger,11,2017,29.9,205.5
Niger,12,2017,15,203
Niger,1,2018,19.2,200.8
Niger,2,2018,20.1,190.2
Niger,3,2018,27.1,179.4
Niger,4,2018,40.2,169.5
Niger,5,2018,62.7,153.7
Niger,6,2018,165,141.7
Niger,7,2018,286.3,132.8
Niger,8,2018,254.3,130.9
Niger,9,2018,171.9,139.7
Niger,10,2018,77.2,140.8
Niger,11,2018,28.1,141.1
Niger,12,2018,14.1,141.1
Paddy,4,2012,47.5,104.2
Paddy,5,2012,31.7,104.2
Paddy,6,2012,117.8,107
Paddy,7,2012,250.2,111
Paddy,8,2012,262.4,114
Paddy,9,2012,193.5,116.1
Paddy,10,2012,58.7,116.6
Paddy,11,2012,30.7,116.3
Paddy,12,2012,11.7,115.9
Paddy,1,2013,11.3,116.7
Paddy,2,2013,40.1,117.9
Paddy,3,2013,15.7,118.7
Paddy,4,2013,30.4,120.4
Paddy,5,2013,57.8,121.9
Paddy,6,2013,219.8,124.9
Paddy,7,2013,310,129.4
Paddy,8,2013,254.7,132
Paddy,9,2013,152.7,131.3
Paddy,10,2013,129.4,131
Paddy,11,2013,14,131.3
Paddy,12,2013,6.7,130.6
Paddy,1,2014,19.2,131.1
Paddy,2,2014,27.4,132.3
Paddy,3,2014,36.1,132.6
Paddy,4,2014,22.2,133.7
Paddy,5,2014,72.9,136
Paddy,6,2014,95.4,137.2
Paddy,7,2014,261.2,139.6
Paddy,8,2014,237.5,140.5
Paddy,9,2014,188,140.5
Paddy,10,2014,60.2,140
Paddy,11,2014,14.4,138
Paddy,12,2014,10.7,134.6
Paddy,1,2015,17.4,133.5
Paddy,2,2015,21,134.1
Paddy,3,2015,62,132
Paddy,4,2015,69.4,132.6
Paddy,5,2015,53.8,134.2
Paddy,6,2015,192.8,133.6
Paddy,7,2015,242.4,133.4
Paddy,8,2015,205.2,133.9
Paddy,9,2015,131.8,135.2
Paddy,10,2015,42.9,135.8
Paddy,11,2015,39.4,135.6
Paddy,12,2015,15,135.4
Paddy,1,2016,19.3,135.8
Paddy,2,2016,22.8,135.3
Paddy,3,2016,27.6,135.2
Paddy,4,2016,37.4,136.3
Paddy,5,2016,62.6,139.1
Paddy,6,2016,168.3,142.2
Paddy,7,2016,289.1,144.2
Paddy,8,2016,256.3,144.6
Paddy,9,2016,171.9,144.7
Paddy,10,2016,76.1,145.1
Paddy,11,2016,29.7,145
Paddy,12,2016,14.9,144.2
Paddy,1,2017,19,143.8
Paddy,2,2017,22.6,146.4
Paddy,3,2017,27.8,147.7
Paddy,4,2017,37.9,147.6
Paddy,5,2017,62.4,148
Paddy,6,2017,168.1,148.4
Paddy,7,2017,289.3,149.1
Paddy,8,2017,256.2,148.5
Paddy,9,2017,171.5,148.8
Paddy,10,2017,76.3,149.6
Paddy,11,2017,29.9,149.2
Paddy,12,2017,15,148.8
Paddy,1,2018,19.2,150.4
Paddy,2,2018,20.1,151.4
Paddy,3,2018,27.1,152.6
Paddy,4,2018,40.2,153.3
Paddy,5,2018,62.7,154.2
Paddy,6,2018,165,153.9
Paddy,7,2018,286.3,155
Paddy,8,2018,254.3,155.6
Paddy,9,2018,171.9,155.7
Paddy,10,2018,77.2,155.7
Paddy,11,2018,28.1,155.5
Paddy,12,2018,14.1,154.7
Ragi,4,2012,47.5,107.2
Ragi,5,2012,31.7,110.3
Ragi,6,2012,117.8,108.9
Ragi,7,2012,250.2,115.6
Ragi,8,2012,262.4,126.4
Ragi,9,2012,193.5,134.1
Ragi,10,2012,58.7,149.5
Ragi,11,2012,30.7,161.5
Ragi,12,2012,11.7,162.1
Ragi,1,2013,11.3,159.7
Ragi,2,2013,40.1,170.2
Ragi,3,2013,15.7,173.8
Ragi,4,2013,30.4,173.1
Ragi,5,2013,57.8,172.9
Ragi,6,2013,219.8,170.4
Ragi,7,2013,310,174.2
Ragi,8,2013,254.7,174.5
Ragi,9,2013,152.7,169.9
Ragi,10,2013,129.4,166.7
Ragi,11,2013,14,167.2
Ragi,12,2013,6.7,164.3
Ragi,1,2014,19.2,156.6
Ragi,2,2014,27.4,158.1
Ragi,3,2014,36.1,162.5
Ragi,4,2014,22.2,163.2
Ragi,5,2014,72.9,159.2
Ragi,6,2014,95.4,157.6
Ragi,7,2014,261.2,159.6
Ragi,8,2014,237.5,163.7
Ragi,9,2014,188,163
Ragi,10,2014,60.2,161.7
Ragi,11,2014,14.4,154.4
Ragi,12,2014,10.7,160.6
Ragi,1,2015,17.4,160.6
Ragi,2,2015,21,161.1
Ragi,3,2015,62,166.7
Ragi,4,2015,69.4,164.2
Ragi,5,2015,53.8,159.5
Ragi,6,2015,192.8,158.7
Ragi,7,2015,242.4,156.1
Ragi,8,2015,205.2,159.1
Ragi,9,2015,131.8,161.5
Ragi,10,2015,42.9,159.5
Ragi,11,2015,39.4,157
Ragi,12,2015,15,158.1
Ragi,1,2016,19.3,164.3
Ragi,2,2016,22.8,166.9
Ragi,3,2016,27.6,167.3
Ragi,4,2016,37.4,174.1
Ragi,5,2016,62.6,177
Ragi,6,2016,168.3,169.3
Ragi,7,2016,289.1,169.3
Ragi,8,2016,256.3,167.1
Ragi,9,2016,171.9,167.3
Ragi,10,2016,76.1,178.1
Ragi,11,2016,29.7,209
Ragi,12,2016,14.9,228.6
Ragi,1,2017,19,242.6
Ragi,2,2017,22.6,242.9
Ragi,3,2017,27.8,258
Ragi,4,2017,37.9,252.8
Ragi,5,2017,62.4,245
Ragi,6,2017,168.1,237.5
Ragi,7,2017,289.3,247
Ragi,8,2017,256.2,261.9
Ragi,9,2017,171.5,252.5
Ragi,10,2017,76.3,233.7
Ragi,11,2017,29.9,217.3
Ragi,12,2017,15,217.6
Ragi,1,2018,19.2,207.9
Ragi,2,2018,20.1,214.9
Ragi,3,2018,27.1,220.8
Ragi,4,2018,40.2,213.5
Ragi,5,2018,62.7,211.2
Ragi,6,2018,165,208.3
Ragi,7,2018,286.3,206.6
Ragi,8,2018,254.3,216.2
Ragi,9,2018,171.9,213
Ragi,10,2018,77.2,214.1
Ragi,11,2018,28.1,211.4
Ragi,12,2018,14.1,212.9
Rape,4,2012,47.5,117.9
Rape,5,2012,31.7,118.4
Rape,6,2012,117.8,119.3
Rape,7,2012,250.2,129.5
Rape,8,2012,262.4,134.6
Rape,9,2012,193.5,136.7
Rape,10,2012,58.7,141
Rape,11,2012,30.7,142.2
Rape,12,2012,11.7,141.2
Rape,1,2013,11.3,138
Rape,2,2013,40.1,132.6
Rape,3,2013,15.7,121.6
Rape,4,2013,30.4,117.7
Rape,5,2013,57.8,117.4
Rape,6,2013,219.8,117.4
Rape,7,2013,310,116.5
Rape,8,2013,254.7,116.9
Rape,9,2013,152.7,119
Rape,10,2013,129.4,120.1
Rape,11,2013,14,122.9
Rape,12,2013,6.7,122.7
Rape,1,2014,19.2,120.4
Rape,2,2014,27.4,119.3
Rape,3,2014,36.1,118.5
Rape,4,2014,22.2,116.9
Rape,5,2014,72.9,115.9
Rape,6,2014,95.4,117.7
Rape,7,2014,261.2,121.1
Rape,8,2014,237.5,121
Rape,9,2014,188,122
Rape,10,2014,60.2,122.3
Rape,11,2014,14.4,124.3
Rape,12,2014,10.7,129.1
Rape,1,2015,17.4,127.1
Rape,2,2015,21,128
Rape,3,2015,62,126.7
Rape,4,2015,69.4,127.5
Rape,5,2015,53.8,138.6
Rape,6,2015,192.8,143
Rape,7,2015,242.4,143.8
Rape,8,2015,205.2,145.1
Rape,9,2015,131.8,148
Rape,10,2015,42.9,158.8
Rape,11,2015,39.4,163.2
Rape,12,2015,15,161.3
Rape,1,2016,19.3,154.3
Rape,2,2016,22.8,135.3
Rape,3,2016,27.6,132.3
Rape,4,2016,37.4,144.2
Rape,5,2016,62.6,147.4
Rape,6,2016,168.3,150.8
Rape,7,2016,289.1,155
Rape,8,2016,256.3,155.9
Rape,9,2016,171.9,155.5
Rape,10,2016,76.1,152.8
Rape,11,2016,29.7,153.5
Rape,12,2016,14.9,151.2
Rape,1,2017,19,147.7
Rape,2,2017,22.6,143.4
Rape,3,2017,27.8,135.3
Rape,4,2017,37.9,130.6
Rape,5,2017,62.4,130.7
Rape,6,2017,168.1,129.9
Rape,7,2017,289.3,131
Rape,8,2017,256.2,133.3
Rape,9,2017,171.5,134.6
Rape,10,2017,76.3,134.2
Rape,11,2017,29.9,135.6
Rape,12,2017,15,138.2
Rape,1,2018,19.2,137.6
Rape,2,2018,20.1,136.8
Rape,3,2018,27.1,136.1
Rape,4,2018,40.2,136.8
Rape,5,2018,62.7,136.9
Rape,6,2018,165,137.4
Rape,7,2018,286.3,140.8
Rape,8,2018,254.3,143.8
Rape,9,2018,171.9,145.6
Rape,10,2018,77.2,145.8
Rape,11,2018,28.1,146.6
Rape,12,2018,14.1,145.7
Safflower,4,2012,47.5,103.9
Safflower,5,2012,31.7,110.9
Safflower,6,2012,117.8,112.7
Safflower,7,2012,250.2,116.1
Safflower,8,2012,262.4,118.1
Safflower,9,2012,193.5,120.3
Safflower,10,2012,58.7,117.8
Safflower,11,2012,30.7,114.8
Safflower,12,2012,11.7,114.8
Safflower,1,2013,11.3,112.8
Safflower,2,2013,40.1,115.7
Safflower,3,2013,15.7,115.2
Safflower,4,2013,30.4,119.4
Safflower,5,2013,57.8,115.9
Safflower,6,2013,219.8,118.9
Safflower,7,2013,310,118.9
Safflower,8,2013,254.7,114.6
Safflower,9,2013,152.7,112.8
Safflower,10,2013,129.4,112.3
Safflower,11,2013,14,112.7
Safflower,12,2013,6.7,112.1
Safflower,1,2014,19.2,108.2
Safflower,2,2014,27.4,107.1
Safflower,3,2014,36.1,112
Safflower,4,2014,22.2,125.4
Safflower,5,2014,72.9,124.5
Safflower,6,2014,95.4,93.2
Safflower,7,2014,261.2,94.8
Safflower,8,2014,237.5,94.1
Safflower,9,2014,188,94.3
Safflower,10,2014,60.2,93
Safflower,11,2014,14.4,92.3
Safflower,12,2014,10.7,93.4
Safflower,1,2015,17.4,93.7
Safflower,2,2015,21,94.8
Safflower,3,2015,62,94.5
Safflower,4,2015,69.4,104.2
Safflower,5,2015,53.8,110.1
Safflower,6,2015,192.8,108.1
Safflower,7,2015,242.4,105.8
Safflower,8,2015,205.2,107.4
Safflower,9,2015,131.8,105.3
Safflower,10,2015,42.9,105
Safflower,11,2015,39.4,105.9
Safflower,12,2015,15,106.4
Safflower,1,2016,19.3,109
Safflower,2,2016,22.8,111.1
Safflower,3,2016,27.6,110.1
Safflower,4,2016,37.4,108.9
Safflower,5,2016,62.6,115.5
Safflower,6,2016,168.3,111.8
Safflower,7,2016,289.1,111.4
Safflower,8,2016,256.3,112
Safflower,9,2016,171.9,112.9
Safflower,10,2016,76.1,113.5
Safflower,11,2016,29.7,112.3
Safflower,12,2016,14.9,113.9
Safflower,1,2017,19,114.1
Safflower,2,2017,22.6,117
Safflower,3,2017,27.8,124.8
Safflower,4,2017,37.9,126
Safflower,5,2017,62.4,127.8
Safflower,6,2017,168.1,129.3
Safflower,7,2017,289.3,134.1
Safflower,8,2017,256.2,139.3
Safflower,9,2017,171.5,140.2
Safflower,10,2017,76.3,137.2
Safflower,11,2017,29.9,135.6
Safflower,12,2017,15,133.2
Safflower,1,2018,19.2,138.8
Safflower,2,2018,20.1,139.2
Safflower,3,2018,27.1,139
Safflower,4,2018,40.2,137.8
Safflower,5,2018,62.7,134.6
Safflower,6,2018,165,137.8
Safflower,7,2018,286.3,134.8
Safflower,8,2018,254.3,136
Safflower,9,2018,171.9,139.3
Safflower,10,2018,77.2,143.5
Safflower,11,2018,28.1,150.5
Safflower,12,2018,14.1,155.5
Sesamum,4,2012,47.5,123.7
Sesamum,5,2012,31.7,122.1
Sesamum,6,2012,117.8,120.4
Sesamum,7,2012,250.2,125.6
Sesamum,8,2012,262.4,134.8
Sesamum,9,2012,193.5,137.9
Sesamum,10,2012,58.7,138.1
Sesamum,11,2012,30.7,143.3
Sesamum,12,2012,11.7,149.7
Sesamum,1,2013,11.3,159.3
Sesamum,2,2013,40.1,161.2
Sesamum,3,2013,15.7,161.6
Sesamum,4,2013,30.4,160.5
Sesamum,5,2013,57.8,155.2
Sesamum,6,2013,219.8,155
Sesamum,7,2013,310,157.2
Sesamum,8,2013,254.7,157.2
Sesamum,9,2013,152.7,159.6
Sesamum,10,2013,129.4,149.7
Sesamum,11,2013,14,159.7
Sesamum,12,2013,6.7,164.5
Sesamum,1,2014,19.2,147.8
Sesamum,2,2014,27.4,142.5
Sesamum,3,2014,36.1,145.4
Sesamum,4,2014,22.2,147.1
Sesamum,5,2014,72.9,140.8
Sesamum,6,2014,95.4,138.7
Sesamum,7,2014,261.2,138.5
Sesamum,8,2014,237.5,141.9
Sesamum,9,2014,188,136.8
Sesamum,10,2014,60.2,136
Sesamum,11,2014,14.4,130.2
Sesamum,12,2014,10.7,127.6
Sesamum,1,2015,17.4,125.5
Sesamum,2,2015,21,121.9
Sesamum,3,2015,62,119.8
Sesamum,4,2015,69.4,116.3
Sesamum,5,2015,53.8,112.9
Sesamum,6,2015,192.8,116.1
Sesamum,7,2015,242.4,116.1
Sesamum,8,2015,205.2,114.6
Sesamum,9,2015,131.8,110.5
Sesamum,10,2015,42.9,110.1
Sesamum,11,2015,39.4,109.5
Sesamum,12,2015,15,108
Sesamum,1,2016,19.3,108.5
Sesamum,2,2016,22.8,105.7
Sesamum,3,2016,27.6,104.7
Sesamum,4,2016,37.4,119.2
Sesamum,5,2016,62.6,119.6
Sesamum,6,2016,168.3,117.2
Sesamum,7,2016,289.1,116
Sesamum,8,2016,256.3,123.7
Sesamum,9,2016,171.9,122.6
Sesamum,10,2016,76.1,118.5
Sesamum,11,2016,29.7,118.8
Sesamum,12,2016,14.9,117.3
Sesamum,1,2017,19,116.4
Sesamum,2,2017,22.6,117.8
Sesamum,3,2017,27.8,115.6
Sesamum,4,2017,37.9,116.4
Sesamum,5,2017,62.4,116.3
Sesamum,6,2017,168.1,114.3
Sesamum,7,2017,289.3,113.2
Sesamum,8,2017,256.2,115.9
Sesamum,9,2017,171.5,119.7
Sesamum,10,2017,76.3,118.5
Sesamum,11,2017,29.9,120.4
Sesamum,12,2017,15,128.3
Sesamum,1,2018,19.2,132.2
Sesamum,2,2018,20.1,133.4
Sesamum,3,2018,27.1,130.1
Sesamum,4,2018,40.2,128.1
Sesamum,5,2018,62.7,126.8
Sesamum,6,2018,165,128.1
Sesamum,7,2018,286.3,130
Sesamum,8,2018,254.3,133.9
Sesamum,9,2018,171.9,141.3
Sesamum,10,2018,77.2,150.1
Sesamum,11,2018,28.1,160.8
Sesamum,12,2018,14.1,168.8
Soyabean,4,2012,47.5,131
Soyabean,5,2012,31.7,139.6
Soyabean,6,2012,117.8,144.8
Soyabean,7,2012,250.2,182.7
Soyabean,8,2012,262.4,183.8
Soyabean,9,2012,193.5,166.2
Soyabean,10,2012,58.7,134.2
Soyabean,11,2012,30.7,140.1
Soyabean,12,2012,11.7,142.6
Soyabean,1,2013,11.3,139
Soyabean,2,2013,40.1,137.7
Soyabean,3,2013,15.7,150.9
Soyabean,4,2013,30.4,163
Soyabean,5,2013,57.8,164.4
Soyabean,6,2013,219.8,156.7
Soyabean,7,2013,310,153.5
Soyabean,8,2013,254.7,148
Soyabean,9,2013,152.7,148.1
Soyabean,10,2013,129.4,147
Soyabean,11,2013,14,160.3
Soyabean,12,2013,6.7,160.1
Soyabean,1,2014,19.2,157.8
Soyabean,2,2014,27.4,162
Soyabean,3,2014,36.1,169.5
Soyabean,4,2014,22.2,175.6
Soyabean,5,2014,72.9,188.5
Soyabean,6,2014,95.4,175.5
Soyabean,7,2014,261.2,175.9
Soyabean,8,2014,237.5,162.4
Soyabean,9,2014,188,141.8
Soyabean,10,2014,60.2,131.6
Soyabean,11,2014,14.4,135
Soyabean,12,2014,10.7,140.8
Soyabean,1,2015,17.4,144.6
Soyabean,2,2015,21,142.2
Soyabean,3,2015,62,141.3
Soyabean,4,2015,69.4,145.5
Soyabean,5,2015,53.8,166.2
Soyabean,6,2015,192.8,155.6
Soyabean,7,2015,242.4,147.1
Soyabean,8,2015,205.2,139.2
Soyabean,9,2015,131.8,139.2
Soyabean,10,2015,42.9,156.9
Soyabean,11,2015,39.4,158.3
Soyabean,12,2015,15,152.2
Soyabean,1,2016,19.3,151.3
Soyabean,2,2016,22.8,150.2
Soyabean,3,2016,27.6,151.4
Soyabean,4,2016,37.4,167.5
Soyabean,5,2016,62.6,162.4
Soyabean,6,2016,168.3,165.1
Soyabean,7,2016,289.1,158.7
Soyabean,8,2016,256.3,156.3
Soyabean,9,2016,171.9,149.3
Soyabean,10,2016,76.1,132.3
Soyabean,11,2016,29.7,126.2
Soyabean,12,2016,14.9,128.9
Soyabean,1,2017,19,127.8
Soyabean,2,2017,22.6,126
Soyabean,3,2017,27.8,124.9
Soyabean,4,2017,37.9,126.8
Soyabean,5,2017,62.4,123.4
Soyabean,6,2017,168.1,121.2
Soyabean,7,2017,289.3,121.6
Soyabean,8,2017,256.2,122.8
Soyabean,9,2017,171.5,124.8
Soyabean,10,2017,76.3,126
Soyabean,11,2017,29.9,122.2
Soyabean,12,2017,15,125.3
Soyabean,1,2018,19.2,136.6
Soyabean,2,2018,20.1,152.2
Soyabean,3,2018,27.1,156
Soyabean,4,2018,40.2,157.5
Soyabean,5,2018,62.7,155.9
Soyabean,6,2018,165,153.1
Soyabean,7,2018,286.3,150.1
Soyabean,8,2018,254.3,147.1
Soyabean,9,2018,171.9,142.9
Soyabean,10,2018,77.2,140.2
Soyabean,11,2018,28.1,141.6
Soyabean,12,2018,14.1,143.9
Sugarcane,4,2012,47.5,100
Sugarcane,5,2012,31.7,100
Sugarcane,6,2012,117.8,103.9
Sugarcane,7,2012,250.2,101.2
Sugarcane,8,2012,262.4,104.9
Sugarcane,9,2012,193.5,104.9
Sugarcane,10,2012,58.7,104.9
Sugarcane,11,2012,30.7,104.9
Sugarcane,12,2012,11.7,104.9
Sugarcane,1,2013,11.3,104.9
Sugarcane,2,2013,40.1,104.9
Sugarcane,3,2013,15.7,104.9
Sugarcane,4,2013,30.4,104.9
Sugarcane,5,2013,57.8,104.9
Sugarcane,6,2013,219.8,104.9
Sugarcane,7,2013,310,104.9
Sugarcane,8,2013,254.7,104.9
Sugarcane,9,2013,152.7,104.9
Sugarcane,10,2013,129.4,109.4
Sugarcane,11,2013,14,124.3
Sugarcane,12,2013,6.7,124.3
Sugarcane,1,2014,19.2,124.3
Sugarcane,2,2014,27.4,124.3
Sugarcane,3,2014,36.1,124.3
Sugarcane,4,2014,22.2,124.3
Sugarcane,5,2014,72.9,124.3
Sugarcane,6,2014,95.4,124.3
Sugarcane,7,2014,261.2,124.3
Sugarcane,8,2014,237.5,124.3
Sugarcane,9,2014,188,124.3
Sugarcane,10,2014,60.2,124.3
Sugarcane,11,2014,14.4,124.3
Sugarcane,12,2014,10.7,124.3
Sugarcane,1,2015,17.4,124.3
Sugarcane,2,2015,21,124.3
Sugarcane,3,2015,62,124.3
Sugarcane,4,2015,69.4,150.3
Sugarcane,5,2015,53.8,150.3
Sugarcane,6,2015,192.8,150.3
Sugarcane,7,2015,242.4,150.3
Sugarcane,8,2015,205.2,150.3
Sugarcane,9,2015,131.8,150.3
Sugarcane,10,2015,42.9,150.3
Sugarcane,11,2015,39.4,150.3
Sugarcane,12,2015,15,150.3
Sugarcane,1,2016,19.3,159.7
Sugarcane,2,2016,22.8,159.7
Sugarcane,3,2016,27.6,159.7
Sugarcane,4,2016,37.4,159.7
Sugarcane,5,2016,62.6,159.7
Sugarcane,6,2016,168.3,159.7
Sugarcane,7,2016,289.1,159.7
Sugarcane,8,2016,256.3,159.7
Sugarcane,9,2016,171.9,159.7
Sugarcane,10,2016,76.1,164.4
Sugarcane,11,2016,29.7,167.6
Sugarcane,12,2016,14.9,167.6
Sugarcane,1,2017,19,167.6
Sugarcane,2,2017,22.6,167.6
Sugarcane,3,2017,27.8,167.6
Sugarcane,4,2017,37.9,167.6
Sugarcane,5,2017,62.4,167.6
Sugarcane,6,2017,168.1,167.6
Sugarcane,7,2017,289.3,167.6
Sugarcane,8,2017,256.2,167.6
Sugarcane,9,2017,171.5,167.6
Sugarcane,10,2017,76.3,167.6
Sugarcane,11,2017,29.9,169.5
Sugarcane,12,2017,15,169.5
Sugarcane,1,2018,19.2,169.5
Sugarcane,2,2018,20.1,169.5
Sugarcane,3,2018,27.1,169.5
Sugarcane,4,2018,40.2,169.5
Sugarcane,5,2018,62.7,169.5
Sugarcane,6,2018,165,169.5
Sugarcane,7,2018,286.3,169.5
Sugarcane,8,2018,254.3,169.5
Sugarcane,9,2018,171.9,169.5
Sugarcane,10,2018,77.2,169.5
Sugarcane,11,2018,28.1,169.5
Sugarcane,12,2018,14.1,169.5
Sunflower,4,2012,47.5,101.9
Sunflower,5,2012,31.7,101.7
Sunflower,6,2012,117.8,104.8
Sunflower,7,2012,250.2,112.8
Sunflower,8,2012,262.4,118.4
Sunflower,9,2012,193.5,113.7
Sunflower,10,2012,58.7,115.3
Sunflower,11,2012,30.7,117.4
Sunflower,12,2012,11.7,116
Sunflower,1,2013,11.3,115
Sunflower,2,2013,40.1,116.1
Sunflower,3,2013,15.7,111.1
Sunflower,4,2013,30.4,111.9
Sunflower,5,2013,57.8,111.8
Sunflower,6,2013,219.8,118
Sunflower,7,2013,310,112.3
Sunflower,8,2013,254.7,121.9
Sunflower,9,2013,152.7,117.6
Sunflower,10,2013,129.4,114.4
Sunflower,11,2013,14,112.1
Sunflower,12,2013,6.7,114.5
Sunflower,1,2014,19.2,110.4
Sunflower,2,2014,27.4,112.2
Sunflower,3,2014,36.1,114.5
Sunflower,4,2014,22.2,109.9
Sunflower,5,2014,72.9,108.8
Sunflower,6,2014,95.4,111.1
Sunflower,7,2014,261.2,106.6
Sunflower,8,2014,237.5,110.4
Sunflower,9,2014,188,108.2
Sunflower,10,2014,60.2,110.1
Sunflower,11,2014,14.4,107.3
Sunflower,12,2014,10.7,107.2
Sunflower,1,2015,17.4,108
Sunflower,2,2015,21,109.8
Sunflower,3,2015,62,106.9
Sunflower,4,2015,69.4,105.8
Sunflower,5,2015,53.8,110.2
Sunflower,6,2015,192.8,109.4
Sunflower,7,2015,242.4,109
Sunflower,8,2015,205.2,112.6
Sunflower,9,2015,131.8,116.4
Sunflower,10,2015,42.9,117.1
Sunflower,11,2015,39.4,119.1
Sunflower,12,2015,15,119.7
Sunflower,1,2016,19.3,118.5
Sunflower,2,2016,22.8,118.1
Sunflower,3,2016,27.6,118.1
Sunflower,4,2016,37.4,115.5
Sunflower,5,2016,62.6,114.3
Sunflower,6,2016,168.3,112.7
Sunflower,7,2016,289.1,112.5
Sunflower,8,2016,256.3,112
Sunflower,9,2016,171.9,113.5
Sunflower,10,2016,76.1,113
Sunflower,11,2016,29.7,110.1
Sunflower,12,2016,14.9,109.4
Sunflower,1,2017,19,110
Sunflower,2,2017,22.6,108.5
Sunflower,3,2017,27.8,106.8
Sunflower,4,2017,37.9,104.2
Sunflower,5,2017,62.4,102.6
Sunflower,6,2017,168.1,98.3
Sunflower,7,2017,289.3,96.8
Sunflower,8,2017,256.2,94.5
Sunflower,9,2017,171.5,98.4
Sunflower,10,2017,76.3,99.1
Sunflower,11,2017,29.9,99.2
Sunflower,12,2017,15,100.2
Sunflower,1,2018,19.2,99.8
Sunflower,2,2018,20.1,100.6
Sunflower,3,2018,27.1,104.4
Sunflower,4,2018,40.2,107.2
Sunflower,5,2018,62.7,98.9
Sunflower,6,2018,165,101.3
Sunflower,7,2018,286.3,104.8
Sunflower,8,2018,254.3,105.9
Sunflower,9,2018,171.9,111.4
Sunflower,10,2018,77.2,116.6
Sunflower,11,2018,28.1,117.5
Sunflower,12,2018,14.1,118.2
Urad,4,2012,47.5,90.7
Urad,5,2012,31.7,90.8
Urad,6,2012,117.8,92.1
Urad,7,2012,250.2,97.9
Urad,8,2012,262.4,102.3
Urad,9,2012,193.5,102.3
Urad,10,2012,58.7,99.3
Urad,11,2012,30.7,97.5
Urad,12,2012,11.7,97.2
Urad,1,2013,11.3,96.5
Urad,2,2013,40.1,96.3
Urad,3,2013,15.7,96.5
Urad,4,2013,30.4,96.2
Urad,5,2013,57.8,96.3
Urad,6,2013,219.8,95.2
Urad,7,2013,310,96.6
Urad,8,2013,254.7,96.3
Urad,9,2013,152.7,97.1
Urad,10,2013,129.4,97.9
Urad,11,2013,14,103.1
Urad,12,2013,6.7,103.7
Urad,1,2014,19.2,105.7
Urad,2,2014,27.4,108.5
Urad,3,2014,36.1,108.3
Urad,4,2014,22.2,109.7
Urad,5,2014,72.9,115.1
Urad,6,2014,95.4,116.5
Urad,7,2014,261.2,122.3
Urad,8,2014,237.5,127
Urad,9,2014,188,128
Urad,10,2014,60.2,124.3
Urad,11,2014,14.4,124
Urad,12,2014,10.7,124.7
Urad,1,2015,17.4,131.6
Urad,2,2015,21,132.1
Urad,3,2015,62,133.7
Urad,4,2015,69.4,138.8
Urad,5,2015,53.8,149.7
Urad,6,2015,192.8,160.4
Urad,7,2015,242.4,162.8
Urad,8,2015,205.2,167.7
Urad,9,2015,131.8,171.8
Urad,10,2015,42.9,196.9
Urad,11,2015,39.4,204.7
Urad,12,2015,15,203.4
Urad,1,2016,19.3,206.1
Urad,2,2016,22.8,199.3
Urad,3,2016,27.6,198.2
Urad,4,2016,37.4,213
Urad,5,2016,62.6,231
Urad,6,2016,168.3,247.6
Urad,7,2016,289.1,243.7
Urad,8,2016,256.3,229.3
Urad,9,2016,171.9,211.6
Urad,10,2016,76.1,199
Urad,11,2016,29.7,188.4
Urad,12,2016,14.9,178.4
Urad,1,2017,19,167.6
Urad,2,2017,22.6,158.1
Urad,3,2017,27.8,151.1
Urad,4,2017,37.9,149.5
Urad,5,2017,62.4,145.7
Urad,6,2017,168.1,140.8
Urad,7,2017,289.3,134.1
Urad,8,2017,256.2,127.2
Urad,9,2017,171.5,129.1
Urad,10,2017,76.3,127.7
Urad,11,2017,29.9,123.7
Urad,12,2017,15,121
Urad,1,2018,19.2,114.8
Urad,2,2018,20.1,112.6
Urad,3,2018,27.1,112.1
Urad,4,2018,40.2,110.5
Urad,5,2018,62.7,108.4
Urad,6,2018,165,105.9
Urad,7,2018,286.3,106.9
Urad,8,2018,254.3,109.8
Urad,9,2018,171.9,107.6
Urad,10,2018,77.2,111
Urad,11,2018,28.1,118.6
Urad,12,2018,14.1,123.3
Wheat,4,2012,47.5,104.6
Wheat,5,2012,31.7,105.4
Wheat,6,2012,117.8,104.4
Wheat,7,2012,250.2,105.8
Wheat,8,2012,262.4,116
Wheat,9,2012,193.5,119.4
Wheat,10,2012,58.7,117.4
Wheat,11,2012,30.7,120.7
Wheat,12,2012,11.7,121.7
Wheat,1,2013,11.3,121.6
Wheat,2,2013,40.1,123.6
Wheat,3,2013,15.7,122.8
Wheat,4,2013,30.4,120.1
Wheat,5,2013,57.8,118.9
Wheat,6,2013,219.8,121.9
Wheat,7,2013,310,122.3
Wheat,8,2013,254.7,123.1
Wheat,9,2013,152.7,124.6
Wheat,10,2013,129.4,125.7
Wheat,11,2013,14,127.6
Wheat,12,2013,6.7,128.6
Wheat,1,2014,19.2,130
Wheat,2,2014,27.4,128.8
Wheat,3,2014,36.1,127.5
Wheat,4,2014,22.2,123.5
Wheat,5,2014,72.9,120.9
Wheat,6,2014,95.4,120.4
Wheat,7,2014,261.2,121.9
Wheat,8,2014,237.5,122.5
Wheat,9,2014,188,121.8
Wheat,10,2014,60.2,122.3
Wheat,11,2014,14.4,123.7
Wheat,12,2014,10.7,125.8
Wheat,1,2015,17.4,126.3
Wheat,2,2015,21,125.9
Wheat,3,2015,62,125.9
Wheat,4,2015,69.4,125.1
Wheat,5,2015,53.8,124.1
Wheat,6,2015,192.8,122.3
Wheat,7,2015,242.4,124.8
Wheat,8,2015,205.2,126.1
Wheat,9,2015,131.8,126.2
Wheat,10,2015,42.9,128.5
Wheat,11,2015,39.4,129.9
Wheat,12,2015,15,131.9
Wheat,1,2016,19.3,134.1
Wheat,2,2016,22.8,134.1
Wheat,3,2016,27.6,134.1
Wheat,4,2016,37.4,132.9
Wheat,5,2016,62.6,134.5
Wheat,6,2016,168.3,136.5
Wheat,7,2016,289.1,137.9
Wheat,8,2016,256.3,139.1
Wheat,9,2016,171.9,140
Wheat,10,2016,76.1,140.8
Wheat,11,2016,29.7,147.9
Wheat,12,2016,14.9,152.3
Wheat,1,2017,19,151.3
Wheat,2,2017,22.6,149.3
Wheat,3,2017,27.8,142.9
Wheat,4,2017,37.9,141
Wheat,5,2017,62.4,137.5
Wheat,6,2017,168.1,136.1
Wheat,7,2017,289.3,136.3
Wheat,8,2017,256.2,137.1
Wheat,9,2017,171.5,137.6
Wheat,10,2017,76.3,138
Wheat,11,2017,29.9,139.4
Wheat,12,2017,15,139.4
Wheat,1,2018,19.2,140.8
Wheat,2,2018,20.1,140
Wheat,3,2018,27.1,141.2
Wheat,4,2018,40.2,140.9
Wheat,5,2018,62.7,141.7
Wheat,6,2018,165,143.1
Wheat,7,2018,286.3,145
Wheat,8,2018,254.3,148.6
Wheat,9,2018,171.9,149.8
Wheat,10,2018,77.2,151.1
Wheat,11,2018,28.1,152.2
Wheat,12,2018,14.1,152.8
